{
  "strict": {
    "prompt_level_accuracy": 0.47674418604651164,
    "instruction_level_accuracy": 0.5442477876106194,
    "tier0_scores": {
      "ja": 0.5442477876106194
    },
    "tier1_scores": {
      "ja:language:response_language": 0.5,
      "ja:length_constraints:number_sentences": 0.5714285714285714,
      "ja:detectable_content:number_placeholders": 1.0,
      "ja:detectable_format:number_bullet_lists": 0.2857142857142857,
      "ja:detectable_format:number_numbered_lists": 0.8571428571428571,
      "ja:detectable_format:constrained_response": 1.0,
      "ja:detectable_format:number_highlighted_sections": 0.8571428571428571,
      "ja:detectable_format:multiple_sections": 1.0,
      "ja:length_constraints:number_paragraphs": 0.5714285714285714,
      "ja:detectable_content:postscript": 0.8571428571428571,
      "ja:keywords:existence": 0.8571428571428571,
      "ja:keywords:frequency": 1.0,
      "ja:length_constraints:number_letters": 0.8571428571428571,
      "ja:detectable_format:json_format": 0.6666666666666666,
      "ja:length_constraints:nth_paragraph_first_word": 0.7142857142857143,
      "ja:keywords:forbidden_words": 0.5714285714285714,
      "ja:combination:two_responses": 0.2857142857142857,
      "ja:combination:repeat_prompt": 0.8571428571428571,
      "ja:startend:end_checker": 1.0,
      "ja:detectable_format:title": 0.5714285714285714,
      "ja:keywords:letter_frequency": 0.8,
      "ja:letters:furigana": 0.0,
      "ja:punctuation:no_period": 0.5714285714285714,
      "ja:punctuation:no_comma": 0.7142857142857143,
      "ja:startend:quotation": 0.14285714285714285,
      "ja:letters:kanji": 0.5714285714285714,
      "ja:letters:no_hiragana": 0.0,
      "ja:letters:hiragana_only": 0.14285714285714285,
      "ja:letters:no_katakana": 0.0,
      "ja:letters:katakana_only": 0.0,
      "ja:startend:sentence_unified_end": 0.14285714285714285,
      "ja:detectable_format:nominal_ending": 0.14285714285714285,
      "ja:letters:kansuuji": 0.42857142857142855
    },
    "total_prompts": 172,
    "total_instructions": 226
  },
  "loose": {
    "prompt_level_accuracy": 0.5116279069767442,
    "instruction_level_accuracy": 0.5929203539823009,
    "tier0_scores": {
      "ja": 0.5929203539823009
    },
    "tier1_scores": {
      "ja:language:response_language": 0.5,
      "ja:length_constraints:number_sentences": 0.5714285714285714,
      "ja:detectable_content:number_placeholders": 1.0,
      "ja:detectable_format:number_bullet_lists": 0.2857142857142857,
      "ja:detectable_format:number_numbered_lists": 0.8571428571428571,
      "ja:detectable_format:constrained_response": 1.0,
      "ja:detectable_format:number_highlighted_sections": 0.8571428571428571,
      "ja:detectable_format:multiple_sections": 1.0,
      "ja:length_constraints:number_paragraphs": 0.7142857142857143,
      "ja:detectable_content:postscript": 0.8571428571428571,
      "ja:keywords:existence": 0.8571428571428571,
      "ja:keywords:frequency": 1.0,
      "ja:length_constraints:number_letters": 1.0,
      "ja:detectable_format:json_format": 0.8333333333333334,
      "ja:length_constraints:nth_paragraph_first_word": 0.8571428571428571,
      "ja:keywords:forbidden_words": 0.5714285714285714,
      "ja:combination:two_responses": 0.7142857142857143,
      "ja:combination:repeat_prompt": 0.8571428571428571,
      "ja:startend:end_checker": 1.0,
      "ja:detectable_format:title": 0.5714285714285714,
      "ja:keywords:letter_frequency": 0.8,
      "ja:letters:furigana": 0.0,
      "ja:punctuation:no_period": 0.5714285714285714,
      "ja:punctuation:no_comma": 0.8571428571428571,
      "ja:startend:quotation": 0.14285714285714285,
      "ja:letters:kanji": 0.7142857142857143,
      "ja:letters:no_hiragana": 0.0,
      "ja:letters:hiragana_only": 0.14285714285714285,
      "ja:letters:no_katakana": 0.14285714285714285,
      "ja:letters:katakana_only": 0.0,
      "ja:startend:sentence_unified_end": 0.2857142857142857,
      "ja:detectable_format:nominal_ending": 0.14285714285714285,
      "ja:letters:kansuuji": 0.42857142857142855
    },
    "total_prompts": 172,
    "total_instructions": 226
  }
}